City_ID,City,Country,Date,Lat,Lng,Max Temp,Humidity,Cloudiness,Wind Speed
0,Itaquyry,PY,2022-02-06 15:36:13,-24.9333,-55.2167,84.42,31,7,6.06
1,Bluff,NZ,2022-02-06 15:36:13,-46.6,168.3333,41.81,78,0,5.39
2,Mataura,NZ,2022-02-06 15:36:13,-46.1927,168.8643,41.49,99,1,2.04
3,Vardo,NO,2022-02-06 15:36:14,70.3705,31.1107,25.0,78,67,20.92
4,Elban,RU,2022-02-06 15:36:14,50.1018,136.5094,-12.42,100,96,2.3
5,Ushuaia,AR,2022-02-06 15:31:29,-54.8,-68.3,53.26,54,40,3.44
6,Albany,US,2022-02-06 15:36:14,42.6001,-73.9662,20.68,57,17,1.99
7,Te Anau,NZ,2022-02-06 15:36:15,-45.4167,167.7167,39.97,93,2,1.59
8,Port Alfred,ZA,2022-02-06 15:36:15,-33.5906,26.891,77.52,78,0,31.41
9,Puerto Ayora,EC,2022-02-06 15:36:15,-0.7393,-90.3518,80.56,88,70,4.0
10,Ketchikan,US,2022-02-06 15:36:16,55.3422,-131.6461,45.07,93,100,16.11
11,Moose Factory,CA,2022-02-06 15:36:16,51.2585,-80.6094,1.38,78,100,5.75
12,Oxford,GB,2022-02-06 15:33:18,51.7522,-1.256,51.49,74,40,3.0
13,Wuxi,CN,2022-02-06 15:36:17,31.5689,120.2886,38.98,57,100,8.41
14,Atuona,PF,2022-02-06 15:36:17,-9.8,-139.0333,78.42,75,11,19.8
15,Hovd,MN,2022-02-06 15:36:17,48.0056,91.6419,-12.82,79,10,3.4
16,Clyde River,CA,2022-02-06 15:36:17,70.4692,-68.5914,-34.37,67,0,6.91
17,Constitucion,CL,2022-02-06 15:36:18,-35.3333,-72.4167,73.13,51,2,6.04
18,Boyolangu,ID,2022-02-06 15:36:18,-8.1181,111.8935,74.95,97,100,5.1
19,Cesis,LV,2022-02-06 15:36:18,57.3119,25.2746,32.74,97,100,12.28
20,Lagoa,PT,2022-02-06 15:36:19,39.05,-27.9833,60.39,80,0,9.95
21,Maniitsoq,GL,2022-02-06 15:36:19,65.4167,-52.9,3.65,79,100,15.03
22,Bredasdorp,ZA,2022-02-06 15:34:13,-34.5322,20.0403,79.92,54,31,12.66
23,Cockburn Town,TC,2022-02-06 15:31:25,21.4612,-71.1419,80.56,47,40,13.8
24,Ilulissat,GL,2022-02-06 15:33:32,69.2167,-51.1,-0.38,46,100,3.44
25,Giddarbaha,IN,2022-02-06 15:36:20,30.2,74.6667,54.34,67,5,8.01
26,Kahului,US,2022-02-06 15:36:20,20.8947,-156.47,72.84,80,0,11.5
27,Rikitea,PF,2022-02-06 15:36:20,-23.1203,-134.9692,78.73,72,100,16.42
28,Hilo,US,2022-02-06 15:31:40,19.7297,-155.09,68.79,92,100,8.05
29,Nishihara,JP,2022-02-06 15:36:21,26.1842,127.7558,58.28,59,100,10.36
30,Sungaipenuh,ID,2022-02-06 15:36:21,-2.0833,101.3833,62.69,85,99,0.89
31,Oksfjord,NO,2022-02-06 15:36:21,70.2396,22.3479,32.18,83,24,14.27
32,Qaqortoq,GL,2022-02-06 15:36:21,60.7167,-46.0333,7.3,56,100,5.53
33,Sambava,MG,2022-02-06 15:36:22,-14.2667,50.1667,79.75,80,27,9.55
34,Lardos,GR,2022-02-06 15:36:22,36.0942,28.0157,58.95,62,68,6.93
35,Viedma,AR,2022-02-06 15:36:22,-40.8135,-62.9967,70.95,32,19,7.67
36,Guerrero Negro,MX,2022-02-06 15:36:22,27.9769,-114.0611,59.16,39,0,2.33
37,Tautira,PF,2022-02-06 15:36:23,-17.7333,-149.15,80.62,75,64,22.26
38,Kruisfontein,ZA,2022-02-06 15:36:23,-34.0033,24.7314,81.88,54,78,17.69
39,Kodiak,US,2022-02-06 15:36:23,57.79,-152.4072,38.71,70,0,10.36
40,Kavaratti,IN,2022-02-06 15:36:23,10.5669,72.642,78.53,66,44,8.59
41,Budogoshch,RU,2022-02-06 15:36:24,59.2816,32.4707,30.56,90,99,11.1
42,Mandalgovi,MN,2022-02-06 15:36:24,45.7625,106.2708,5.22,66,3,6.08
43,Norman Wells,CA,2022-02-06 15:36:24,65.282,-126.8329,-16.56,69,75,4.61
44,Bisira,PA,2022-02-06 15:36:24,8.5196,-81.7115,69.24,56,46,7.23
45,Alofi,NU,2022-02-06 15:37:25,-19.0595,-169.9187,73.29,100,100,1.14
46,Jamestown,US,2022-02-06 15:33:17,42.097,-79.2353,23.18,41,0,16.11
47,Hobart,AU,2022-02-06 15:37:25,-42.8794,147.3294,51.12,81,33,0.0
48,Ayan,RU,2022-02-06 15:37:26,56.45,138.1667,-6.05,76,66,11.21
49,Nuuk,GL,2022-02-06 15:37:26,64.1835,-51.7216,5.61,78,75,21.85
50,Burlington,US,2022-02-06 15:37:12,39.8835,-74.6413,31.37,56,0,8.01
51,Bambous Virieux,MU,2022-02-06 15:37:26,-20.3428,57.7575,80.85,78,75,12.66
52,Cidreira,BR,2022-02-06 15:37:27,-30.1811,-50.2056,80.67,54,23,12.39
53,Tuktoyaktuk,CA,2022-02-06 15:37:27,69.4541,-133.0374,-20.2,76,75,12.66
54,Khatanga,RU,2022-02-06 15:37:27,71.9667,102.5,-23.12,99,94,7.45
55,Barrow,US,2022-02-06 15:33:04,71.2906,-156.7887,-20.18,69,20,5.75
56,Malaya Serdoba,RU,2022-02-06 15:37:28,52.4661,44.9512,-0.15,99,26,5.26
57,Mortka,RU,2022-02-06 15:37:28,59.3322,66.0214,13.12,96,100,7.23
58,Seoul,KR,2022-02-06 15:35:06,37.5683,126.9778,26.11,48,0,4.61
59,Butaritari,KI,2022-02-06 15:37:28,3.0707,172.7902,81.09,78,60,15.3
60,Kamenka,RU,2022-02-06 15:37:29,51.3223,42.7678,21.74,97,100,6.69
61,Punta Arenas,CL,2022-02-06 15:36:05,-53.15,-70.9167,64.51,59,75,11.5
62,Manta,EC,2022-02-06 15:35:41,-0.95,-80.7333,76.78,83,100,4.61
63,Thompson,CA,2022-02-06 15:37:29,55.7435,-97.8558,-38.04,67,20,0.0
64,Ponta Delgada,PT,2022-02-06 15:37:29,37.7333,-25.6667,65.12,82,40,17.27
65,Saskylakh,RU,2022-02-06 15:37:30,71.9167,114.0833,-26.09,100,97,1.45
66,Kangaba,ML,2022-02-06 15:37:30,11.9333,-8.4167,95.72,5,3,4.83
67,Ndjole,GA,2022-02-06 15:37:30,-0.1783,10.7649,87.44,57,63,2.37
68,New Norfolk,AU,2022-02-06 15:37:30,-42.7826,147.0587,50.76,64,49,1.32
69,Qaanaaq,GL,2022-02-06 15:37:31,77.484,-69.3632,-12.8,62,73,8.34
70,Hithadhoo,MV,2022-02-06 15:37:31,-0.6,73.0833,82.89,70,28,11.34
71,Hermanus,ZA,2022-02-06 15:37:31,-34.4187,19.2345,84.9,68,8,11.52
72,Rawson,AR,2022-02-06 15:37:31,-43.3002,-65.1023,73.38,38,15,14.25
73,Piacabucu,BR,2022-02-06 15:37:32,-10.4056,-36.4344,87.37,58,13,13.82
74,Castro,BR,2022-02-06 15:37:32,-24.7911,-50.0119,76.26,71,81,8.14
75,Mahajanga,MG,2022-02-06 15:37:32,-15.7167,46.3167,84.22,74,20,14.97
76,Cumberland,US,2022-02-06 15:37:32,35.0502,-78.8664,39.07,52,0,10.36
77,Esperance,AU,2022-02-06 15:37:33,-33.8667,121.9,69.64,82,7,26.06
78,Dikson,RU,2022-02-06 15:37:33,73.5069,80.5464,-22.74,99,70,8.37
79,Busselton,AU,2022-02-06 15:37:33,-33.65,115.3333,56.08,69,71,16.55
80,Longyearbyen,SJ,2022-02-06 15:37:34,78.2186,15.6401,19.24,68,40,17.27
81,Cape Town,ZA,2022-02-06 15:35:00,-33.9258,18.4232,85.12,60,0,17.27
82,Montepuez,MZ,2022-02-06 15:37:34,-13.1256,38.9997,71.49,91,17,1.12
83,Mar Del Plata,AR,2022-02-06 15:35:17,-38.0023,-57.5575,66.22,100,75,20.0
84,Hobyo,SO,2022-02-06 15:37:34,5.3505,48.5268,77.14,68,16,13.8
85,Dingle,PH,2022-02-06 15:37:35,10.9995,122.6711,75.31,87,42,8.88
86,Innisfail,AU,2022-02-06 15:37:35,-17.5333,146.0333,72.68,89,60,5.01
87,San Jose,US,2022-02-06 15:35:15,37.3394,-121.895,56.21,69,20,0.0
88,Garowe,SO,2022-02-06 15:37:35,8.4054,48.4845,80.67,32,100,14.07
89,East London,ZA,2022-02-06 15:37:36,-33.0153,27.9116,74.34,88,20,23.02
90,Seymchan,RU,2022-02-06 15:37:36,62.8833,152.4333,-40.43,100,44,0.74
91,Margate,GB,2022-02-06 15:38:36,51.3813,1.3862,52.88,64,78,35.7
92,Saint George,US,2022-02-06 15:36:38,37.1041,-113.5841,43.36,55,0,0.0
93,Port Blair,IN,2022-02-06 15:38:37,11.6667,92.75,80.64,83,20,5.75
94,Comodoro Rivadavia,AR,2022-02-06 15:38:37,-45.8667,-67.5,76.86,33,0,9.22
95,Porto Murtinho,BR,2022-02-06 15:38:37,-21.6989,-57.8825,89.56,46,98,7.36
96,Provideniya,RU,2022-02-06 15:38:37,64.3833,-173.3,-3.05,79,0,9.04
97,San Cristobal,VE,2022-02-06 15:38:38,7.7669,-72.225,68.18,64,91,4.14
98,Sabang,ID,2022-02-06 15:38:38,5.8933,95.3214,80.35,81,100,15.55
99,Tasiilaq,GL,2022-02-06 15:38:38,65.6145,-37.6368,23.16,63,100,24.63
100,Beloha,MG,2022-02-06 15:38:38,-25.1667,45.05,74.86,92,100,21.7
101,Tiksi,RU,2022-02-06 15:38:39,71.6872,128.8694,-17.59,99,100,3.33
102,Lavrentiya,RU,2022-02-06 15:38:39,65.5833,-171.0,-12.39,91,5,6.78
103,Pisco,PE,2022-02-06 15:38:39,-13.7,-76.2167,69.85,83,99,9.22
104,Ribeira Grande,PT,2022-02-06 15:38:39,38.5167,-28.7,64.8,77,20,19.57
105,Nhulunbuy,AU,2022-02-06 15:38:40,-12.2333,136.7667,75.81,94,100,3.44
106,Lebu,CL,2022-02-06 15:38:40,-37.6167,-73.65,66.99,60,0,13.76
107,Sao Filipe,CV,2022-02-06 15:38:40,14.8961,-24.4956,75.34,67,0,11.12
108,Faanui,PF,2022-02-06 15:38:40,-16.4833,-151.75,80.89,74,95,20.69
109,Kapaa,US,2022-02-06 15:38:41,22.0752,-159.319,70.12,82,75,4.61
110,Upernavik,GL,2022-02-06 15:38:41,72.7868,-56.1549,-6.72,93,100,4.76
111,Arraial Do Cabo,BR,2022-02-06 15:38:41,-22.9661,-42.0278,91.26,52,0,17.27
112,Saint Anthony,US,2022-02-06 15:38:41,45.0205,-93.218,24.3,87,100,1.99
113,Jesus Carranza,MX,2022-02-06 15:38:42,17.4333,-95.0333,61.75,71,100,6.33
114,Havre-Saint-Pierre,CA,2022-02-06 15:38:42,50.2334,-63.5986,3.79,50,0,17.27
115,Mount Pleasant,US,2022-02-06 15:38:40,32.7941,-79.8626,43.07,58,100,4.0
116,Chuy,UY,2022-02-06 15:38:42,-33.6971,-53.4616,71.85,56,71,14.85
117,Saint-Philippe,RE,2022-02-06 15:38:43,-21.3585,55.7679,81.99,80,99,16.64
118,Angoche,MZ,2022-02-06 15:38:43,-16.2325,39.9086,80.78,78,87,7.81
119,Avarua,CK,2022-02-06 15:38:43,-21.2078,-159.775,71.65,100,20,3.44
120,Bethel,US,2022-02-06 15:37:30,41.3712,-73.414,23.2,58,0,1.99
121,Marawi,PH,2022-02-06 15:38:44,7.9986,124.2928,68.65,91,72,2.91
122,San Pedro,PH,2022-02-06 15:38:44,14.35,121.0167,79.36,78,20,9.22
123,Geraldton,AU,2022-02-06 15:38:44,-28.7667,114.6,70.21,52,100,17.27
124,Hebi,CN,2022-02-06 15:38:45,35.8992,114.1925,34.3,28,100,2.26
125,Grindavik,IS,2022-02-06 15:38:45,63.8424,-22.4338,30.67,74,40,11.5
126,Paamiut,GL,2022-02-06 15:38:45,61.994,-49.6678,4.69,75,100,8.34
127,Mahebourg,MU,2022-02-06 15:38:46,-20.4081,57.7,80.89,78,75,12.66
128,Kitui,KE,2022-02-06 15:38:46,-1.367,38.0106,74.1,45,88,6.06
129,Klaksvik,FO,2022-02-06 15:38:46,62.2266,-6.589,36.52,61,85,36.73
130,Severo-Kurilsk,RU,2022-02-06 15:38:46,50.6789,156.125,30.11,85,100,12.35
131,Yellowknife,CA,2022-02-06 15:36:48,62.456,-114.3525,-12.44,83,75,11.5
132,Nikolskoye,RU,2022-02-06 15:38:47,59.7035,30.7861,34.72,92,100,11.92
133,Ryde,GB,2022-02-06 15:34:48,50.73,-1.1621,53.19,87,80,14.0
134,Pimentel,PE,2022-02-06 15:38:47,-6.8367,-79.9342,75.49,69,20,9.22
135,San Patricio,US,2022-02-06 15:38:47,28.017,-97.5169,50.88,70,0,5.37
136,Buala,SB,2022-02-06 15:38:48,-8.145,159.5921,80.47,84,96,8.23
137,Half Moon Bay,US,2022-02-06 15:39:48,37.4636,-122.4286,54.48,80,20,0.0
138,Ballina,AU,2022-02-06 15:39:48,-28.8667,153.5667,71.56,77,75,14.97
139,Komsomolskiy,UZ,2022-02-06 15:39:48,40.4272,71.7189,43.52,75,75,6.91
140,Nanakuli,US,2022-02-06 15:39:48,21.3906,-158.1547,73.71,78,0,4.61
141,Nanortalik,GL,2022-02-06 15:39:49,60.1432,-45.2371,13.91,63,100,15.84
142,Daru,PG,2022-02-06 15:39:16,-9.0763,143.2092,79.47,84,99,4.54
143,Hasaki,JP,2022-02-06 15:37:06,35.7333,140.8333,23.4,39,0,23.87
144,Sioux Lookout,CA,2022-02-06 15:39:49,50.1001,-91.917,-0.02,78,100,6.91
145,Muscatine,US,2022-02-06 15:39:49,41.4667,-91.1335,33.66,60,0,1.01
146,Tessalit,ML,2022-02-06 15:39:50,20.1986,1.0114,80.11,6,0,5.37
147,Mwinilunga,ZM,2022-02-06 15:39:50,-11.7358,24.4293,69.89,76,96,6.6
148,Victoria,HK,2022-02-06 15:37:58,22.2855,114.1577,62.65,84,100,1.01
149,Turayf,SA,2022-02-06 15:39:50,31.6725,38.6637,52.05,62,40,9.22
150,Alta Floresta,BR,2022-02-06 15:39:50,-9.8756,-56.0861,85.82,74,40,2.3
151,Sobolevo,RU,2022-02-06 15:39:51,54.4299,31.8996,30.11,88,99,9.15
152,Vaini,TO,2022-02-06 15:38:47,-21.2,-175.2,73.56,100,100,13.8
153,Bend,US,2022-02-06 15:36:50,44.0582,-121.3153,40.8,51,0,5.99
154,Gizo,SB,2022-02-06 15:39:51,-8.103,156.8419,82.94,78,95,13.89
155,Cayenne,GF,2022-02-06 15:39:51,4.9333,-52.3333,83.08,81,100,5.99
156,Chamonix-Mont-Blanc,FR,2022-02-06 15:39:51,45.9238,6.8693,40.06,84,100,7.47
157,Estrela,BR,2022-02-06 15:39:52,-28.0611,-50.9383,80.49,37,14,10.13
158,Hambantota,LK,2022-02-06 15:38:59,6.1241,81.1185,80.94,89,40,3.44
159,Lovozero,RU,2022-02-06 15:39:52,68.005,35.0117,8.29,90,100,9.46
160,Dvinskoy,RU,2022-02-06 15:39:52,62.1535,45.1175,16.83,96,100,5.99
161,Voh,NC,2022-02-06 15:39:52,-20.9667,164.7,76.87,91,99,1.16
162,Muriti,TZ,2022-02-06 15:39:53,-1.9833,32.9167,77.11,63,60,4.34
163,Noumea,NC,2022-02-06 15:39:53,-22.2763,166.4572,76.98,90,100,3.51
164,Touros,BR,2022-02-06 15:39:53,-5.1989,-35.4608,90.5,52,17,12.66
165,Esso,RU,2022-02-06 15:39:53,55.9333,158.7,4.62,92,88,2.37
166,Fonte Boa,BR,2022-02-06 15:39:54,-2.4959,-66.2662,85.51,61,100,5.12
167,Pasighat,IN,2022-02-06 15:39:54,28.0667,95.3333,54.73,86,50,3.91
168,Yumen,CN,2022-02-06 15:39:17,40.2833,97.2,14.31,77,7,15.5
169,Nome,US,2022-02-06 15:39:54,64.5011,-165.4064,1.47,51,0,17.27
170,Fowa,NG,2022-02-06 15:39:54,8.9167,6.4,99.54,9,0,0.83
171,Cheney,US,2022-02-06 15:39:55,47.4874,-117.5758,32.77,95,100,3.44
172,Glace Bay,CA,2022-02-06 15:39:55,46.1969,-59.957,19.98,76,75,10.36
173,Kavieng,PG,2022-02-06 15:39:55,-2.5744,150.7967,81.55,78,100,3.78
174,Kysyl-Syr,RU,2022-02-06 15:39:55,63.8986,122.7617,-23.26,100,96,6.17
175,Katsuura,JP,2022-02-06 15:39:56,35.1333,140.3,36.1,44,5,12.19
176,Kaitangata,NZ,2022-02-06 15:39:56,-46.2817,169.8464,45.93,76,2,2.75
177,Chake Chake,TZ,2022-02-06 15:39:56,-5.2459,39.7666,81.0,76,100,7.47
178,Kattivakkam,IN,2022-02-06 15:39:57,13.2167,80.3167,81.07,77,99,9.15
179,Puerto Carreno,CO,2022-02-06 15:39:57,6.189,-67.4859,87.78,51,0,4.61
180,Vestmannaeyjar,IS,2022-02-06 15:39:57,63.4427,-20.2734,31.19,74,0,13.8
181,Ulety,RU,2022-02-06 15:39:57,51.3572,112.4849,13.26,89,95,8.52
182,Ponta Do Sol,PT,2022-02-06 15:39:58,32.6667,-17.1,69.12,52,11,11.7
183,Teguldet,RU,2022-02-06 15:39:58,57.3064,88.1667,13.33,92,100,5.37
184,Hofn,IS,2022-02-06 15:39:58,64.2539,-15.2082,32.02,51,0,18.41
185,Puri,IN,2022-02-06 15:39:58,19.8,85.85,66.72,51,50,7.23
186,Fortuna,US,2022-02-06 15:40:59,40.5982,-124.1573,38.32,93,0,8.05
187,Chikwawa,MW,2022-02-06 15:40:59,-16.0335,34.8009,86.67,76,27,1.28
188,Talnakh,RU,2022-02-06 15:38:51,69.4865,88.3972,-26.55,98,55,2.01
189,Laguna,US,2022-02-06 15:40:25,38.421,-121.4238,54.1,91,0,0.0
190,Chokurdakh,RU,2022-02-06 15:40:59,70.6333,147.9167,-38.99,100,98,2.24
191,Faya,SA,2022-02-06 15:41:00,18.3851,42.4509,57.31,67,5,5.59
192,Gushikawa,JP,2022-02-06 15:41:00,26.3544,127.8686,58.23,67,100,6.91
193,Ola,RU,2022-02-06 15:41:00,59.5833,151.2833,-0.58,76,22,9.53
194,Pevek,RU,2022-02-06 15:41:00,69.7008,170.3133,-24.48,99,29,1.32
195,Libenge,CD,2022-02-06 15:41:01,3.65,18.6333,94.59,18,59,3.62
196,Sao Felix Do Xingu,BR,2022-02-06 15:41:01,-6.6447,-51.995,87.51,61,98,2.68
197,Scarborough,GB,2022-02-06 15:39:03,54.2797,-0.4044,40.08,85,99,3.0
198,Rocha,UY,2022-02-06 15:40:17,-34.4833,-54.3333,71.87,43,86,17.4
199,Zeya,RU,2022-02-06 15:41:01,53.75,127.2667,-5.33,95,93,3.09
200,Takapau,NZ,2022-02-06 15:41:01,-40.0333,176.35,56.17,99,100,5.55
201,Ahuimanu,US,2022-02-06 15:41:02,21.4447,-157.8378,73.45,79,75,1.99
202,Maungaturoto,NZ,2022-02-06 15:41:02,-36.1,174.3667,67.68,99,100,7.45
203,Nyimba,ZM,2022-02-06 15:41:03,-14.5566,30.8149,70.11,95,100,2.44
204,Cochrane,CA,2022-02-06 15:40:12,51.1834,-114.4687,43.43,36,100,26.46
205,Saldanha,ZA,2022-02-06 15:41:03,-33.0117,17.9442,75.25,87,41,12.01
206,Ahipara,NZ,2022-02-06 15:40:30,-35.1667,173.1667,72.14,98,100,8.43
207,Chhatarpur,IN,2022-02-06 15:41:03,24.9,79.6,58.6,40,0,6.33
208,Copalillo,MX,2022-02-06 15:41:03,18.0333,-99.1167,71.91,39,1,2.73
209,Moron,AR,2022-02-06 15:41:04,-34.6534,-58.6198,68.02,54,13,11.52
210,Narsaq,GL,2022-02-06 15:41:04,60.9167,-46.05,7.02,56,100,2.48
211,Tazovskiy,RU,2022-02-06 15:41:04,67.4667,78.7,-22.0,100,93,4.36
212,Soe,ID,2022-02-06 15:41:05,-9.8607,124.284,67.33,94,60,3.11
213,Mundo Nuevo,MX,2022-02-06 15:41:05,18.7,-95.5,64.89,73,45,6.53
214,Samsun,TR,2022-02-06 15:41:05,41.25,36.3333,43.56,76,75,16.11
215,Calvinia,ZA,2022-02-06 15:41:05,-31.4707,19.776,84.79,25,61,15.19
216,Kurumkan,RU,2022-02-06 15:41:06,54.3,110.3,-2.04,95,88,3.6
217,Pangody,RU,2022-02-06 15:41:06,65.85,74.4859,-20.99,100,64,1.72
218,Letlhakane,BW,2022-02-06 15:41:06,-21.4167,25.5833,79.09,43,30,15.35
219,Kupang,ID,2022-02-06 15:41:06,-10.1667,123.5833,79.72,84,81,7.72
220,Tahoua,NE,2022-02-06 15:41:07,14.8888,5.2692,82.38,7,0,16.11
221,Tuatapere,NZ,2022-02-06 15:41:07,-46.1333,167.6833,41.83,91,3,4.03
222,Lichuan,CN,2022-02-06 15:41:07,30.3,108.85,26.37,98,100,2.37
223,Parrita,CR,2022-02-06 15:41:08,9.5201,-84.3225,93.25,46,0,5.66
224,Samarai,PG,2022-02-06 15:41:08,-10.6167,150.6667,81.23,81,100,13.56
225,Baghdad,IQ,2022-02-06 15:41:08,33.3406,44.4009,57.11,35,0,8.05
226,Torbay,CA,2022-02-06 15:41:08,47.6666,-52.7314,18.88,85,75,16.11
227,Georgetown,MY,2022-02-06 15:41:09,5.4112,100.3354,76.95,98,40,1.99
228,Kapoeta,SS,2022-02-06 15:40:23,4.7717,33.5903,88.79,18,99,6.64
229,Deputatskiy,RU,2022-02-06 15:41:09,69.3,139.9,-33.11,99,82,4.29
230,Togur,RU,2022-02-06 15:41:09,58.3631,82.8265,16.84,88,100,6.96
231,Carnarvon,AU,2022-02-06 15:42:10,-24.8667,113.6333,77.07,69,75,19.57
232,Talaya,RU,2022-02-06 15:42:10,61.3833,152.75,-35.54,88,6,2.33
233,Ocos,GT,2022-02-06 15:42:10,14.5094,-92.1933,91.72,55,6,4.52
234,Lufilufi,WS,2022-02-06 15:42:10,-13.8745,-171.5986,74.98,79,98,12.48
235,Palana,RU,2022-02-06 15:42:11,59.1167,159.9667,9.0,76,41,10.96
236,Marsh Harbour,BS,2022-02-06 15:42:11,26.5412,-77.0636,74.44,73,96,12.82
237,Ostrovnoy,RU,2022-02-06 15:40:19,68.0531,39.5131,15.49,84,100,22.19
238,Mayahi,NE,2022-02-06 15:42:11,13.9553,7.6712,84.81,8,0,13.82
239,Natal,BR,2022-02-06 15:42:11,-5.795,-35.2094,90.25,58,40,10.36
240,Samfya,ZM,2022-02-06 15:42:12,-11.3649,29.5565,68.94,88,99,3.42
241,Katherine,AU,2022-02-06 15:41:05,-14.4667,132.2667,77.32,94,100,0.0
242,Broome,US,2022-02-06 15:42:12,42.2506,-75.833,22.08,66,20,1.99
243,Nakamura,JP,2022-02-06 15:42:12,32.9833,132.9333,29.93,77,14,3.98
244,Magadan,RU,2022-02-06 15:42:13,59.5667,150.8,3.18,62,20,10.96
245,Maria Aurora,PH,2022-02-06 15:42:13,15.7967,121.4737,72.25,97,95,6.85
246,Umba,RU,2022-02-06 15:42:13,66.6871,34.3429,13.71,94,100,14.38
247,Kloulklubed,PW,2022-02-06 15:42:13,7.0419,134.2556,79.3,81,100,21.43
248,Souillac,MU,2022-02-06 15:42:14,-20.5167,57.5167,80.98,78,75,12.66
249,Bahia Honda,CU,2022-02-06 15:42:14,22.9036,-83.1592,77.74,56,5,9.31
250,Port Hedland,AU,2022-02-06 15:42:14,-20.3167,118.5667,86.05,79,40,12.66
251,Biak,ID,2022-02-06 15:42:14,-0.9131,122.8766,76.21,82,89,2.15
252,Iqaluit,CA,2022-02-06 15:38:45,63.7506,-68.5145,-34.31,65,20,1.99
253,Beringovskiy,RU,2022-02-06 15:42:15,63.05,179.3167,-16.82,98,15,9.1
254,La Paz,BO,2022-02-06 15:42:15,-16.5,-68.15,53.58,76,75,5.75
255,Nyurba,RU,2022-02-06 15:42:15,63.2842,118.3319,-3.6,98,100,5.14
256,Aswan,EG,2022-02-06 15:37:17,24.0934,32.907,64.85,25,0,11.95
257,Cherskiy,RU,2022-02-06 15:42:15,68.75,161.3,-30.37,100,37,1.45
258,Arrecife,ES,2022-02-06 15:37:35,28.963,-13.5477,69.87,68,0,25.32
259,Baiyin,CN,2022-02-06 15:42:16,36.5583,104.2081,16.68,88,75,5.7
260,Sept-Iles,CA,2022-02-06 15:41:38,50.2001,-66.3821,3.06,52,20,3.0
261,Nouadhibou,MR,2022-02-06 15:42:16,20.931,-17.0347,73.38,68,5,11.5
262,Poum,NC,2022-02-06 15:42:16,-20.2333,164.0167,79.32,83,100,9.15
263,Taltal,CL,2022-02-06 15:42:17,-25.4,-70.4833,71.37,67,2,6.38
264,San Francisco,US,2022-02-06 15:41:00,37.7749,-122.4194,56.32,86,20,1.01
265,Korem,ET,2022-02-06 15:42:17,12.5058,39.5228,54.32,81,37,6.93
266,Port Elizabeth,ZA,2022-02-06 15:37:29,-33.918,25.5701,84.09,83,0,24.16
267,Pochutla,MX,2022-02-06 15:42:17,15.7432,-96.4661,81.82,42,5,3.98
268,Rabat,MA,2022-02-06 15:40:38,33.9911,-6.8401,67.05,75,3,9.22
269,Henties Bay,NA,2022-02-06 15:42:17,-22.116,14.2845,72.86,79,79,8.37
270,Algiers,DZ,2022-02-06 15:42:18,36.7525,3.042,58.82,67,40,17.27
271,Dubbo,AU,2022-02-06 15:39:08,-32.25,148.6167,57.33,82,31,8.05
272,Manaure,CO,2022-02-06 15:42:18,11.7751,-72.4445,84.31,56,2,9.24
273,Enterprise,US,2022-02-06 15:42:18,36.0252,-115.2419,52.09,32,0,4.0
274,Bubaque,GW,2022-02-06 15:41:08,11.2833,-15.8333,78.4,64,9,10.56
275,Holme,DK,2022-02-06 15:42:19,56.1138,10.1725,37.26,87,99,10.76
276,Lata,PT,2022-02-06 15:43:19,40.1629,-8.3327,66.34,29,65,6.06
277,Idlib,SY,2022-02-06 15:43:19,35.9306,36.6339,47.59,83,93,6.73
278,Sonoita,MX,2022-02-06 15:43:19,31.85,-112.8333,55.36,18,2,4.29
279,Okhotsk,RU,2022-02-06 15:43:19,59.3833,143.3,-2.38,67,17,14.16
280,Mitu,CO,2022-02-06 15:43:20,1.1983,-70.1733,86.5,57,59,2.95
281,Meadow Lake,US,2022-02-06 15:43:20,34.8014,-106.5436,38.14,43,0,1.77
282,Luderitz,NA,2022-02-06 15:39:18,-26.6481,15.1594,70.9,72,25,11.72
283,Kailua,US,2022-02-06 15:43:20,21.4022,-157.7394,73.74,80,75,9.22
284,Hualmay,PE,2022-02-06 15:39:32,-11.0964,-77.6139,73.81,71,97,8.9
285,Conde,BR,2022-02-06 15:43:21,-7.2597,-34.9075,87.26,51,20,9.22
286,Mezen,RU,2022-02-06 15:43:21,65.8522,44.24,15.03,93,100,11.16
287,Muros,ES,2022-02-06 15:38:46,42.7762,-9.0603,61.68,54,60,10.8
288,Hendrina,ZA,2022-02-06 15:43:21,-26.1588,29.7153,70.29,55,73,10.78
289,Starup,DK,2022-02-06 15:43:21,55.241,9.535,41.29,71,100,15.95
290,Veraval,IN,2022-02-06 15:43:22,20.9,70.3667,68.74,67,6,8.61
291,Eureka,US,2022-02-06 15:43:22,40.8021,-124.1637,38.59,53,57,3.2
292,Vreden,DE,2022-02-06 15:43:22,52.0379,6.828,46.45,80,100,21.36
293,Itaituba,BR,2022-02-06 15:43:22,-4.2761,-55.9836,86.16,74,40,5.75
294,Bardsir,IR,2022-02-06 15:43:23,29.9227,56.5743,42.85,31,0,3.69
295,Tura,IN,2022-02-06 15:38:53,25.5198,90.2201,53.76,78,27,3.2
296,Fiditi,NG,2022-02-06 15:43:23,7.7136,3.9172,96.85,12,0,2.15
297,Ilhabela,BR,2022-02-06 15:43:23,-23.7781,-45.3581,82.72,82,100,3.6
298,Korla,CN,2022-02-06 15:43:24,41.7597,86.1469,25.09,44,10,4.92
299,Charagua,BO,2022-02-06 15:43:24,-19.8,-63.2167,76.57,50,97,11.12
300,Samaipata,BO,2022-02-06 15:43:24,-18.15,-63.8667,55.04,95,100,4.52
301,Hay River,CA,2022-02-06 15:40:58,60.8156,-115.7999,6.78,85,100,14.97
302,Tsabong,BW,2022-02-06 15:43:24,-26.0217,22.401,84.72,36,99,15.03
303,Morondava,MG,2022-02-06 15:43:25,-20.2833,44.2833,80.47,83,100,21.18
304,Boda,CF,2022-02-06 15:43:25,4.3189,17.4695,94.59,13,51,5.93
305,Zhangye,CN,2022-02-06 15:43:25,38.9342,100.4517,14.83,90,66,3.44
306,Teahupoo,PF,2022-02-06 15:43:26,-17.8333,-149.2667,75.16,76,62,22.75
307,Cabedelo,BR,2022-02-06 15:43:26,-6.9811,-34.8339,88.47,56,45,10.13
308,Sechura,PE,2022-02-06 15:40:29,-5.5569,-80.8222,79.56,59,92,9.46
309,Jumla,NP,2022-02-06 15:43:26,29.2747,82.1838,33.98,68,21,5.61
310,Alyangula,AU,2022-02-06 15:43:26,-13.8483,136.4192,80.47,89,40,6.91
311,Concordia,AR,2022-02-06 15:43:27,-31.393,-58.0209,71.67,49,75,16.11
312,Osakarovka,KZ,2022-02-06 15:43:27,50.565,72.5692,7.41,66,3,14.83
313,Labuhan,ID,2022-02-06 15:43:27,-6.8844,112.2051,78.64,90,100,8.28
314,Venado Tuerto,AR,2022-02-06 15:43:27,-33.7456,-61.9688,72.79,37,0,12.37
315,Pringsewu,ID,2022-02-06 15:43:28,-5.3582,104.9744,73.85,96,96,0.98
316,Marsaxlokk,MT,2022-02-06 15:43:28,35.8419,14.5431,59.07,88,20,8.05
317,Nantucket,US,2022-02-06 15:43:28,41.2835,-70.0995,30.31,63,100,9.22
318,Yeppoon,AU,2022-02-06 15:39:26,-23.1333,150.7333,71.38,75,13,15.88
319,Ibipeba,BR,2022-02-06 15:44:28,-11.6408,-42.0111,86.86,44,98,4.36
320,Djambala,CG,2022-02-06 15:44:29,-2.5447,14.7533,78.73,58,98,2.98
321,Joshimath,IN,2022-02-06 15:44:29,30.5667,79.5667,43.88,66,89,3.02
322,Lorengau,PG,2022-02-06 15:44:29,-2.0226,147.2712,81.72,78,96,6.31
323,Quirinopolis,BR,2022-02-06 15:44:30,-18.4483,-50.4517,83.1,67,91,3.71
324,Verkhnevilyuysk,RU,2022-02-06 15:44:30,63.4453,120.3167,-6.92,99,100,4.99
325,Ankpa,NG,2022-02-06 15:44:30,7.3706,7.6253,95.23,10,15,6.08
326,Russell,US,2022-02-06 15:44:31,32.3502,-85.1999,48.38,56,2,9.06
327,Pullman,US,2022-02-06 15:44:31,46.7313,-117.1796,35.91,91,0,10.0
328,Harindanga,IN,2022-02-06 15:44:31,22.0383,88.3214,64.38,51,63,2.91
329,Vila Franca Do Campo,PT,2022-02-06 15:41:35,37.7167,-25.4333,64.81,84,77,14.61
330,Khandyga,RU,2022-02-06 15:44:31,62.6667,135.6,-37.8,99,100,2.21
331,Tateyama,JP,2022-02-06 15:44:32,34.9833,139.8667,37.42,47,36,9.13
332,Port Augusta,AU,2022-02-06 15:44:32,-32.5,137.7667,77.14,26,51,9.93
333,Barahona,DO,2022-02-06 15:44:32,18.2085,-71.1008,82.22,69,40,0.0
334,Abu Dhabi,AE,2022-02-06 15:39:51,24.4667,54.3667,68.11,61,0,3.0
335,Beboto,TD,2022-02-06 15:44:32,8.2668,16.939,94.69,10,50,6.06
336,Castelo Do Piaui,BR,2022-02-06 15:44:33,-5.3222,-41.5525,90.36,46,75,3.27
337,Pedernales,DO,2022-02-06 15:44:33,18.0384,-71.744,78.46,61,7,6.89
338,Ixtapa,MX,2022-02-06 15:44:33,20.7,-105.2,65.43,94,20,4.61
339,Candido Mendes,BR,2022-02-06 15:44:34,-1.4467,-45.7167,84.45,71,88,7.45
340,Chardara,KZ,2022-02-06 15:44:34,41.2547,67.9692,41.88,70,100,17.05
341,Hudson Bay,CA,2022-02-06 15:44:34,52.85,-102.3842,-10.55,97,66,3.94
342,Khani,GE,2022-02-06 15:44:34,41.9563,42.9566,26.17,99,100,1.61
343,Filingue,NE,2022-02-06 15:44:35,14.3521,3.3168,88.39,8,0,11.23
344,Ossora,RU,2022-02-06 15:44:35,59.2353,163.0719,7.9,72,100,12.64
345,Qufu,CN,2022-02-06 15:44:35,35.5967,116.9911,35.06,29,100,3.24
346,Belyy Yar,RU,2022-02-06 15:44:35,53.6039,91.3903,-2.31,84,99,2.24
347,Banda Aceh,ID,2022-02-06 15:44:35,5.5577,95.3222,77.76,87,100,9.95
348,Warrnambool,AU,2022-02-06 15:44:36,-38.3833,142.4833,61.81,79,0,10.51
349,Waipawa,NZ,2022-02-06 15:44:36,-41.4122,175.5153,56.44,80,100,10.6
350,Bosaso,SO,2022-02-06 15:44:36,11.2842,49.1816,75.85,69,75,3.06
351,Guaruja,BR,2022-02-06 15:44:36,-23.9931,-46.2564,91.26,49,0,6.91
352,Eyemouth,GB,2022-02-06 15:44:37,55.8713,-2.0901,41.04,73,100,24.11
353,Batagay-Alyta,RU,2022-02-06 15:44:37,67.8006,130.4114,-25.02,99,100,3.2
354,Ust-Nera,RU,2022-02-06 15:39:47,64.5667,143.2,-23.6,74,6,3.02
355,Whitehorse,CA,2022-02-06 15:39:52,60.7161,-135.0538,30.97,86,20,14.97
356,Kajaani,FI,2022-02-06 15:44:37,64.2273,27.7285,24.85,93,100,16.11
357,Buba,GW,2022-02-06 15:44:38,11.5833,-15.0,102.09,15,4,6.22
358,Mehamn,NO,2022-02-06 15:44:38,71.0357,27.8492,30.38,86,0,33.38
359,Petropavlovsk-Kamchatskiy,RU,2022-02-06 15:44:38,53.0452,158.6483,28.99,59,75,20.13
360,Itarema,BR,2022-02-06 15:44:38,-2.9248,-39.9167,87.03,59,29,13.8
361,Aklavik,CA,2022-02-06 15:44:39,68.2191,-135.0107,-14.8,76,40,16.11
362,Cairns,AU,2022-02-06 15:44:39,-16.9167,145.7667,75.15,93,75,5.75
363,Laramie,US,2022-02-06 15:44:23,41.3114,-105.5911,24.96,91,80,4.7
364,Requena,ES,2022-02-06 15:44:39,39.4883,-1.1004,55.8,36,7,4.47
365,Hami,CN,2022-02-06 15:45:40,42.8,93.45,28.08,28,79,15.59
366,Saint-Joseph,RE,2022-02-06 15:41:52,-21.3667,55.6167,79.18,77,100,12.5
367,Christchurch,NZ,2022-02-06 15:44:58,-43.5333,172.6333,53.33,87,75,1.14
368,Houma,US,2022-02-06 15:45:40,29.5958,-90.7195,48.0,69,0,3.44
369,Svarstad,NO,2022-02-06 15:45:40,59.399,9.9698,37.99,56,5,1.01
370,Luanda,AO,2022-02-06 15:44:09,-8.8368,13.2343,86.0,62,20,11.5
371,Shingu,JP,2022-02-06 15:45:40,33.7333,135.9833,39.9,70,6,6.69
372,Independencia,BR,2022-02-06 15:45:41,-5.3964,-40.3086,95.95,30,43,6.26
373,Port-Cartier,CA,2022-02-06 15:42:14,50.0334,-66.8654,2.75,71,16,4.81
374,Bilma,NE,2022-02-06 15:40:59,18.6853,12.9164,76.12,9,0,10.13
375,Broken Hill,AU,2022-02-06 15:45:41,-31.95,141.4333,73.11,35,40,12.66
376,Baker City,US,2022-02-06 15:43:34,44.7749,-117.8344,8.31,85,40,0.0
377,Catuday,PH,2022-02-06 15:45:41,16.2923,119.8062,76.39,70,29,9.78
378,Vanimo,PG,2022-02-06 15:45:42,-2.6741,141.3028,78.42,86,87,4.63
379,Birao,CF,2022-02-06 15:45:42,10.2849,22.7882,82.96,10,71,10.98
380,Lazaro Cardenas,MX,2022-02-06 15:45:42,17.9583,-102.2,80.74,45,4,1.3
381,Shostka,UA,2022-02-06 15:45:42,51.863,33.4698,30.16,93,91,10.76
382,Dubai,AE,2022-02-06 15:43:22,25.2582,55.3047,72.21,49,0,14.97
383,Biltine,TD,2022-02-06 15:45:42,14.5333,20.9167,80.26,9,97,13.6
384,West Bay,KY,2022-02-06 15:45:43,19.3667,-81.4167,83.07,66,20,1.99
385,Harper,LR,2022-02-06 15:45:43,4.375,-7.7169,83.8,67,86,9.8
386,Palmares Do Sul,BR,2022-02-06 15:45:44,-30.2578,-50.5097,81.39,49,9,12.39
387,Yicheng,CN,2022-02-06 15:45:44,31.3705,119.8703,38.71,67,100,12.55
388,Kenai,US,2022-02-06 15:45:44,60.5544,-151.2583,21.15,90,0,0.0
389,Airai,TL,2022-02-06 15:45:41,-8.9266,125.4092,61.97,93,73,1.23
390,Nueva Colombia,PY,2022-02-06 15:45:44,-25.1833,-57.35,84.38,48,0,11.5
391,Preeceville,CA,2022-02-06 15:45:45,51.95,-102.6677,-14.58,99,18,4.32
392,Sidi Ali,DZ,2022-02-06 15:45:45,36.0998,0.4206,57.74,68,12,17.0
393,Birjand,IR,2022-02-06 15:45:45,32.8663,59.2211,43.27,42,20,6.91
394,Codrington,AU,2022-02-06 15:45:45,-38.2667,141.9667,61.72,69,0,11.72
395,Tilichiki,RU,2022-02-06 15:45:46,60.4667,166.1,-13.83,87,65,9.48
396,Sao Joao Da Barra,BR,2022-02-06 15:45:03,-21.6403,-41.0511,86.09,78,4,16.22
397,Buchanan,LR,2022-02-06 15:45:46,5.8808,-10.0467,84.16,69,56,11.72
398,Teknaf,BD,2022-02-06 15:45:46,20.8624,92.3058,61.2,61,100,11.59
399,Charters Towers,AU,2022-02-06 15:40:48,-20.1,146.2667,70.38,76,1,10.63
400,Dawei,MM,2022-02-06 15:45:46,14.0833,98.2,74.46,87,93,2.77
401,Canutama,BR,2022-02-06 15:45:47,-6.5339,-64.3831,86.86,64,99,2.19
402,Benguela,AO,2022-02-06 15:44:11,-12.5763,13.4055,80.33,60,70,9.01
403,Adelaide,AU,2022-02-06 15:45:23,-34.9333,138.6,79.11,29,0,5.99
404,Soloneshnoye,RU,2022-02-06 15:45:47,51.6544,84.3197,9.18,89,6,5.44
405,Opopeo,MX,2022-02-06 15:45:47,19.4,-101.6,64.89,34,5,3.85
406,Herat,AF,2022-02-06 15:45:47,34.5,62.0,42.82,70,4,4.47
407,Lermontovka,RU,2022-02-06 15:45:48,47.1453,134.3383,-3.98,100,100,3.31
408,Lewiston,US,2022-02-06 15:45:48,44.1003,-70.2148,18.72,53,6,1.99
409,Port Lincoln,AU,2022-02-06 15:45:48,-34.7333,135.8667,70.23,71,1,12.39
410,Bonthe,SL,2022-02-06 15:45:48,7.5264,-12.505,87.04,58,5,14.63
411,Chivacoa,VE,2022-02-06 15:46:49,10.1603,-68.895,82.63,48,28,4.0
412,Kiruna,SE,2022-02-06 15:46:49,67.8557,20.2251,20.32,93,100,5.75
413,Richards Bay,ZA,2022-02-06 15:46:50,-28.783,32.0377,74.55,88,23,8.5
414,Kannapolis,US,2022-02-06 15:46:50,35.4874,-80.6217,36.61,52,0,1.01
415,Daniel Flores,CR,2022-02-06 15:46:50,9.3355,-83.6694,81.77,53,1,3.96
416,Buraydah,SA,2022-02-06 15:46:50,26.326,43.975,61.25,31,0,7.31
417,Lompoc,US,2022-02-06 15:42:36,34.6391,-120.4579,60.78,77,0,5.75
418,Kyzyl-Suu,KG,2022-02-06 15:46:51,42.3414,78.0056,23.38,70,100,6.26
419,Kidal,ML,2022-02-06 15:46:51,18.4411,1.4078,80.33,7,0,13.09
420,Coquimbo,CL,2022-02-06 15:46:51,-29.9533,-71.3436,65.93,77,40,9.22
421,Mount Isa,AU,2022-02-06 15:46:52,-20.7333,139.5,76.77,65,75,9.22
422,Urumqi,CN,2022-02-06 15:46:52,43.801,87.6005,-1.25,85,5,2.24
423,Kantang,TH,2022-02-06 15:46:52,7.4054,99.5156,75.81,86,64,3.98
424,Ambilobe,MG,2022-02-06 15:46:52,-13.2,49.05,75.99,91,16,4.36
425,Rio Grande,BR,2022-02-06 15:44:58,-32.035,-52.0986,75.31,63,62,16.87
426,Thessalon,CA,2022-02-06 15:46:53,46.2501,-83.5666,21.96,93,100,10.33
427,Stornoway,GB,2022-02-06 15:46:53,58.2093,-6.3865,38.03,75,40,8.01
428,Vao,NC,2022-02-06 15:46:53,-22.6667,167.4833,79.66,85,90,2.17
429,Banjar,ID,2022-02-06 15:46:54,-8.19,114.9675,78.66,93,100,3.02
430,Sinnamary,GF,2022-02-06 15:46:54,5.3833,-52.95,82.26,74,89,8.77
431,Bilibino,RU,2022-02-06 15:46:54,68.0546,166.4372,-17.9,78,14,4.52
432,Cabo San Lucas,MX,2022-02-06 15:46:06,22.8909,-109.9124,67.51,75,40,3.44
433,Lubyany,RU,2022-02-06 15:46:54,56.0378,51.4,24.44,98,100,1.43
434,Atbasar,KZ,2022-02-06 15:46:55,51.8,68.3333,8.44,87,78,10.31
435,College,US,2022-02-06 15:46:55,64.8569,-147.8028,0.59,79,100,3.44
436,Jijiga,ET,2022-02-06 15:46:55,9.35,42.8,69.39,44,77,18.3
437,Durham,US,2022-02-06 15:42:36,36.0335,-78.8664,37.44,57,0,1.01
438,Palauig,PH,2022-02-06 15:46:56,15.435,119.9045,77.59,73,22,5.55
439,Erzincan,TR,2022-02-06 15:46:56,39.75,39.5,31.3,59,75,2.3
440,Los Llanos De Aridane,ES,2022-02-06 15:46:56,28.6585,-17.9182,68.13,62,20,18.99
441,Bengkulu,ID,2022-02-06 15:44:34,-3.8004,102.2655,77.0,83,98,7.43
442,Kargasok,RU,2022-02-06 15:46:57,59.0556,80.8572,13.64,94,100,5.59
443,Fredericksburg,US,2022-02-06 15:46:14,38.3032,-77.4605,33.1,58,0,4.0
444,Chute-Aux-Outardes,CA,2022-02-06 15:46:57,49.1168,-68.399,3.51,50,0,4.61
445,Dothan,US,2022-02-06 15:46:57,31.2232,-85.3905,48.83,68,0,3.0
446,Rio Gallegos,AR,2022-02-06 15:46:58,-51.6226,-69.2181,69.85,43,0,19.57
447,Migori,KE,2022-02-06 15:46:58,-1.0634,34.4731,69.67,66,100,6.67
448,Ruteng,ID,2022-02-06 15:46:58,-8.6136,120.4721,63.19,91,51,1.66
449,Quang Ngai,VN,2022-02-06 15:44:55,15.1167,108.8,69.64,92,100,3.31
450,Brokopondo,SR,2022-02-06 15:46:59,4.75,-55.1667,81.14,74,100,3.76
451,Paka,MY,2022-02-06 15:46:59,4.6374,103.4368,78.73,89,100,3.44
452,Morrope,PE,2022-02-06 15:46:59,-6.5417,-80.0111,75.31,58,97,11.32
453,Sudak,UA,2022-02-06 15:46:59,44.85,34.9667,38.01,69,35,7.09
454,Shimoda,JP,2022-02-06 15:47:00,34.6667,138.95,35.1,73,71,7.7
455,Mnogovershinnyy,RU,2022-02-06 15:47:00,53.9353,139.9242,-3.44,89,100,4.99
456,Shelburne,CA,2022-02-06 15:46:46,44.0787,-80.2041,22.14,83,87,19.13
457,Novovarshavka,RU,2022-02-06 15:47:00,54.1721,74.6946,9.18,81,67,9.53
458,Micheweni,TZ,2022-02-06 15:47:01,-4.9667,39.8333,80.96,79,100,5.77
459,Felanitx,ES,2022-02-06 15:48:01,39.4696,3.1483,59.45,72,72,2.21
460,Palu,ID,2022-02-06 15:48:01,-0.8917,119.8707,76.12,91,100,2.95
461,Labuan,MY,2022-02-06 15:48:02,5.2767,115.2417,82.76,74,20,7.0
462,Gelemso,ET,2022-02-06 15:48:02,8.8167,40.5167,67.96,37,40,8.03
463,Ishigaki,JP,2022-02-06 15:48:02,24.3448,124.1572,65.59,66,99,16.46
464,Hudiksvall,SE,2022-02-06 15:48:02,61.729,17.1036,29.73,82,17,7.47
465,Abu Samrah,SY,2022-02-06 15:48:03,35.3029,37.1841,49.03,79,92,8.3
466,Prachuap Khiri Khan,TH,2022-02-06 15:48:03,12.2167,99.75,79.68,68,39,3.18
467,Parabel,RU,2022-02-06 15:48:03,58.6978,81.4825,14.88,92,100,6.15
468,Kaeo,NZ,2022-02-06 15:48:04,-35.1,173.7833,74.32,98,100,5.35
469,Arkhipo-Osipovka,RU,2022-02-06 15:46:04,44.37,38.52,38.16,71,98,9.57
470,Udachnyy,RU,2022-02-06 15:48:04,66.4167,112.4,-15.56,91,99,3.31
471,Punto Fijo,VE,2022-02-06 15:48:04,11.6956,-70.1996,82.11,62,5,14.2
472,Haines Junction,CA,2022-02-06 15:48:04,60.7522,-137.5108,33.75,75,94,9.22
473,Nanga Eboko,CM,2022-02-06 15:48:05,4.6833,12.3667,94.87,13,57,2.75
474,Abalak,RU,2022-02-06 15:48:05,58.1286,68.5944,11.79,94,100,4.85
475,Assai,BR,2022-02-06 15:48:05,-23.3733,-50.8414,80.46,72,43,6.08
476,Kabala,SL,2022-02-06 15:48:05,9.5833,-11.55,97.43,7,1,5.37
477,Naze,JP,2022-02-06 15:48:06,28.3667,129.4833,51.66,66,100,11.83
478,Urusha,RU,2022-02-06 15:48:06,54.05,122.9,-12.21,96,21,2.91
479,Hamilton,US,2022-02-06 15:45:44,39.1834,-84.5333,32.04,76,0,1.01
480,Goderich,CA,2022-02-06 15:45:23,43.7501,-81.7165,23.92,79,100,21.85
481,Mopti,ML,2022-02-06 15:48:06,14.6667,-4.0,91.44,10,0,4.61
482,Dwarka,IN,2022-02-06 15:46:42,22.2394,68.9678,70.34,58,21,8.48
483,Qinhuangdao,CN,2022-02-06 15:48:07,39.9317,119.5883,25.77,47,56,5.3
484,Campobello Di Mazara,IT,2022-02-06 15:48:07,37.6358,12.7443,56.91,74,100,9.04
485,La Palma,US,2022-02-06 15:48:07,33.8464,-118.0467,68.04,26,0,2.3
486,Tarata,BO,2022-02-06 15:48:07,-17.6167,-66.0167,54.82,66,100,4.5
487,Gohad,IN,2022-02-06 15:48:08,26.4261,78.4447,57.2,52,0,5.48
488,Kirovsk,UA,2022-02-06 15:48:08,48.6375,38.6428,27.91,93,93,11.16
489,Ancud,CL,2022-02-06 15:48:08,-41.8697,-73.8203,74.23,67,9,6.31
490,Rudbar,AF,2022-02-06 15:48:08,30.15,62.6,58.57,23,0,8.79
491,Sitka,US,2022-02-06 15:48:09,57.0531,-135.33,44.49,81,100,21.85
492,Tiznit,MA,2022-02-06 15:48:09,29.5833,-9.5,74.57,16,14,10.02
493,Evensk,RU,2022-02-06 15:48:09,61.95,159.2333,5.45,59,0,12.06
494,Kirovskaya,RU,2022-02-06 15:48:10,46.9748,40.0402,30.87,81,100,15.82
495,Avera,US,2022-02-06 15:48:10,33.194,-82.5271,44.71,46,52,11.9
496,Bolobo,CD,2022-02-06 15:48:10,-2.1667,16.2333,90.61,40,32,4.09
497,Yulara,AU,2022-02-06 15:48:10,-25.2406,130.9889,75.04,31,0,8.05
498,Nizhniy Tsasuchey,RU,2022-02-06 15:48:10,50.5167,115.1333,0.64,97,93,3.85
499,Severnyy,RU,2022-02-06 15:48:11,50.677,36.5532,32.04,86,75,6.71
500,Khvastovichi,RU,2022-02-06 15:48:11,53.4694,35.0941,32.14,94,93,8.19
501,Constantine,DZ,2022-02-06 15:48:12,36.365,6.6147,58.41,54,40,11.5
502,Plastun,RU,2022-02-06 15:48:12,44.7561,136.2939,5.74,72,21,9.75
503,Payo,ID,2022-02-06 15:48:12,-3.7508,103.6372,72.77,97,100,2.77
504,Oistins,BB,2022-02-06 15:48:12,13.0667,-59.5333,84.29,65,75,21.85
505,Ransang,PH,2022-02-06 15:49:13,8.9603,117.5828,78.26,81,100,5.26
506,Port Moresby,PG,2022-02-06 15:49:13,-9.4431,147.1797,76.1,88,100,4.92
507,Berck,FR,2022-02-06 15:49:13,50.4,1.6,51.49,87,75,18.41
508,Barcelona,ES,2022-02-06 15:46:15,41.3888,2.159,60.78,59,20,5.01
509,Fort Nelson,CA,2022-02-06 15:46:43,58.8053,-122.7002,8.19,85,20,6.91
510,Vila Velha,BR,2022-02-06 15:49:11,-20.3297,-40.2925,87.75,76,40,8.01
511,Pangnirtung,CA,2022-02-06 15:46:56,66.1451,-65.7125,-33.56,92,94,3.15
512,Bathsheba,BB,2022-02-06 15:49:14,13.2167,-59.5167,84.81,65,75,21.85
513,Nador,MA,2022-02-06 15:49:14,35.174,-2.9287,64.47,77,75,9.22
514,Destin,US,2022-02-06 15:45:49,30.3935,-86.4958,50.13,66,0,8.05
515,Tual,ID,2022-02-06 15:49:14,-5.6667,132.75,83.23,75,100,7.29
516,Elizabeth City,US,2022-02-06 15:49:14,36.2946,-76.2511,39.22,69,75,11.5
517,Xam Nua,LA,2022-02-06 15:49:15,20.4197,104.0439,53.53,100,81,2.13
518,Baoning,CN,2022-02-06 15:49:15,25.3378,110.026,42.66,93,100,2.24
519,Uruzgan,AF,2022-02-06 15:49:15,32.8333,66.0,42.93,46,4,6.08
520,Crotone,IT,2022-02-06 15:49:16,39.0851,17.1178,57.15,76,0,5.75
521,Smolensk,RU,2022-02-06 15:49:16,55.0,33.0,29.89,93,96,8.97
522,Sarangani,PH,2022-02-06 15:49:16,5.4033,125.4636,81.52,78,68,28.03
523,Chegdomyn,RU,2022-02-06 15:49:16,51.1167,133.0167,-5.13,100,100,0.85
524,Bismarck,US,2022-02-06 15:49:17,46.8083,-100.7837,13.82,77,20,1.99
525,Manakara,MG,2022-02-06 15:49:17,-22.1333,48.0167,78.26,93,100,15.37
526,Waycross,US,2022-02-06 15:49:17,31.2136,-82.354,44.83,90,100,8.05
527,Ciudad Bolivar,VE,2022-02-06 15:49:18,8.1222,-63.5497,91.67,42,37,9.37
528,Hvittingfoss,NO,2022-02-06 15:49:18,59.4833,10.0167,37.69,57,5,3.0
